{
    "mse": 0.8091620644370123,
    "rmse": 0.8995343597867801,
    "r2": 0.19154647037856243
}